{
  "model_name": "GradientBoostingClassifier",
  "best_params": {
    "learning_rate": 0.2,
    "max_depth": 5,
    "n_estimators": 100
  },
  "test_metrics": {
    "accuracy": 0.9316666666666666,
    "f1": 0.8908122503328895,
    "roc_auc": 0.9694744743791581
  }
}