{
  "Dummy": {
    "accuracy": 0.6766666666666666,
    "f1": 0.0,
    "roc_auc": 0.5
  },
  "LogisticRegression": {
    "accuracy": 0.8275,
    "f1": 0.7080394922425951,
    "roc_auc": 0.8746913247168757
  },
  "DecisionTree": {
    "accuracy": 0.87625,
    "f1": 0.8052459016393442,
    "roc_auc": 0.9118140901934894
  },
  "RandomForest": {
    "accuracy": 0.9254166666666667,
    "f1": 0.8783140720598234,
    "roc_auc": 0.9673010512416841
  },
  "GradientBoosting": {
    "accuracy": 0.9316666666666666,
    "f1": 0.8908122503328895,
    "roc_auc": 0.9694744743791581
  },
  "Stacking": {
    "accuracy": 0.93,
    "f1": 0.889763779527559,
    "roc_auc": 0.9678588885785384
  }
}