{"DF1": {"KMeans": {"silhouette_score": 0.5216395622404242, "davies_bouldin_score": 0.6853295219054456, "calinski_harabasz_score": 11786.954622671532}, "AgglomerativeClustering": {"silhouette_score": 0.5216395622404242, "davies_bouldin_score": 0.6853295219054456, "calinski_harabasz_score": 11786.954622671532}, "DBSCAN": {"silhouette_score": 0.5216395622404242, "davies_bouldin_score": 0.6853295219054456, "calinski_harabasz_score": 11786.954622671532, "noise_ratio": 0.0}}, "DF2": {"KMeans": {"silhouette_score": 0.3068577265637877, "davies_bouldin_score": 1.32347174904028, "calinski_harabasz_score": 3573.397676572467}, "AgglomerativeClustering": {"silhouette_score": 0.2658744116185544, "davies_bouldin_score": 1.4673684423118982, "calinski_harabasz_score": 2929.7223479920044}, "DBSCAN": {"silhouette_score": 0.3049523469313708, "davies_bouldin_score": 0.6006770767549849, "calinski_harabasz_score": 114.42869204908136, "noise_ratio": 0.036375}}, "DF3": {"KMeans": {"silhouette_score": 0.31554470037825183, "davies_bouldin_score": 1.1577256320598663, "calinski_harabasz_score": 6957.162639510167}, "AgglomerativeClustering": {"silhouette_score": 0.3094002930793223, "davies_bouldin_score": 1.1775936042245867, "calinski_harabasz_score": 6705.577295073578}, "DBSCAN": {"silhouette_score": 0.14243088104506604, "davies_bouldin_score": 1.3932351326290713, "calinski_harabasz_score": 1640.790703583512, "noise_ratio": 0.0324}}}